"Chrom","Position","RSID","Reference","Alternate","Consequence","Protein Consequence","Transcript Consequence","Filter","Annotation","Flags","Allele Count","Allele Number","Number of Homozygotes","Allele Frequency","Allele Count African","Allele Number African","Homozygote Count African","Allele Count East Asian","Allele Number East Asian","Homozygote Count East Asian","Allele Count European (Non-Finnish)","Allele Number European (Non-Finnish)","Homozygote Count European (Non-Finnish)","Allele Count Finnish","Allele Number Finnish","Homozygote Count Finnish","Allele Count Latino","Allele Number Latino","Homozygote Count Latino","Allele Count Other","Allele Number Other","Homozygote Count Other","Allele Count South Asian","Allele Number South Asian","Homozygote Count South Asian"
"21","34877873",".","C","T","p.Trp907Ter","p.Trp907Ter","c.2720G>A","PASS","stop gained","","1","118626","0","0.000008430","0","10318","0","0","8650","0","1","66012","0","0","6614","0","0","11552","0","0","878","0","0","14602","0"
"21","34878309",".","TTATC","T","p.Asp851LysfsTer11","p.Asp851LysfsTer11","c.2551_2554delGATA","PASS","frameshift","","1","121380","0","0.000008239","0","10406","0","1","8654","0","0","66710","0","0","6614","0","0","11576","0","0","908","0","0","16512","0"
"21","34882121",".","C","CT","p.Ala808GlyfsTer26","p.Ala808GlyfsTer26","c.2420dupA","PASS","frameshift","","1132","102710","0","0.01102","73","8770","0","40","7494","0","426","57390","0","9","6106","0","80","9640","0","12","754","0","492","12556","0"
"21","34882121",".","CT","C","p.Lys807ArgfsTer7","p.Lys807ArgfsTer7","c.2420delA","PASS","frameshift","","861","102710","0","0.008383","56","8770","0","47","7494","0","665","57390","0","3","6106","0","23","9640","0","11","754","0","56","12556","0"
"21","34882180",".","TTA","T","p.Ile787LysfsTer17","p.Ile787LysfsTer17","c.2360_2361delTA","PASS","frameshift","","1","121248","0","0.000008248","1","10382","0","0","8650","0","0","66660","0","0","6614","0","0","11540","0","0","908","0","0","16494","0"
"21","34883558",".","C","G","c.2314+1G>C","","c.2314+1G>C","PASS","splice donor","","1","121408","0","0.000008237","0","10406","0","0","8654","0","1","66736","0","0","6614","0","0","11578","0","0","908","0","0","16512","0"
"21","34883558",".","C","T","c.2314+1G>A","","c.2314+1G>A","PASS","splice donor","","1","121408","0","0.000008237","0","10406","0","0","8654","0","0","66736","0","0","6614","0","1","11578","0","0","908","0","0","16512","0"
"21","34883588",".","AC","A","p.Val762Ter","p.Val762Ter","c.2284delG","PASS","frameshift","","1","121412","0","0.000008236","0","10406","0","0","8654","0","0","66740","0","0","6614","0","1","11578","0","0","908","0","0","16512","0"
"21","34883679",".","T","TA","p.Asn732Ter","p.Asn732Ter","c.2193dupT","PASS","frameshift","","1","121410","0","0.000008237","0","10404","0","0","8654","0","1","66740","0","0","6614","0","0","11578","0","0","908","0","0","16512","0"
"21","34889835",".","G","A","p.Arg595Ter","p.Arg595Ter","c.1783C>T","PASS","stop gained","","4","121368","0","0.00003296","0","10400","0","0","8654","0","4","66712","0","0","6614","0","0","11574","0","0","908","0","0","16506","0"
"21","34892833",".","G","A","p.Gln514Ter","p.Gln514Ter","c.1540C>T","PASS","stop gained","","1","120200","0","0.000008319","0","10286","0","0","8612","0","1","65946","0","0","6560","0","0","11494","0","0","902","0","0","16400","0"
"21","34893310",".","TC","T","p.Asp469IlefsTer11","p.Asp469IlefsTer11","c.1405delG","PASS","frameshift","","1","121140","0","0.000008255","1","10240","0","0","8632","0","0","66672","0","0","6610","0","0","11572","0","0","908","0","0","16506","0"
"21","34894590",".","C","CT","c.1299-2dupA","","c.1299-2dupA","PASS","splice acceptor","","1","120778","0","0.000008280","0","10312","0","1","8638","0","0","66396","0","0","6600","0","0","11514","0","0","902","0","0","16416","0"
"21","34897210",".","T","TGC","p.Val389GlnfsTer20","p.Val389GlnfsTer20","c.1162_1163dupGC","PASS","frameshift","","1","121408","0","0.000008237","0","10406","0","0","8654","0","1","66736","0","0","6614","0","0","11578","0","0","908","0","0","16512","0"
"21","34900911",".","C","A","c.812-1G>T","","c.812-1G>T","PASS","splice acceptor","","3","117046","0","0.00002563","0","9432","0","2","8500","0","0","64338","0","0","6552","0","1","11352","0","0","874","0","0","15998","0"
"21","34904764",".","T","C","c.417-2A>G","","c.417-2A>G","PASS","splice acceptor","","1","121236","0","0.000008248","0","10374","0","0","8626","0","0","66652","0","1","6606","0","0","11562","0","0","908","0","0","16508","0"
"21","34906883",".","A","G","c.416+2T>C","","c.416+2T>C","PASS","splice donor","","1","121304","0","0.000008244","0","10406","0","0","8654","0","1","66658","0","0","6614","0","0","11578","0","0","906","0","0","16488","0"
"21","34906973",".","C","CAA","p.Ala110LeufsTer30","p.Ala110LeufsTer30","c.326_327dupTT","PASS","frameshift","","1","121194","0","0.000008251","0","10404","0","0","8652","0","1","66652","0","0","6614","0","0","11574","0","0","906","0","0","16392","0"
"21","34907582",".","CTT","C","p.Lys63ArgfsTer5","p.Lys63ArgfsTer5","c.188_189delAA","PASS","frameshift","","1","121204","0","0.000008251","0","10394","0","0","8654","0","0","66648","0","0","6614","0","0","11578","0","0","906","0","1","16410","0"
"21","34911612",".","G","A","p.Arg4Ter","p.Arg4Ter","c.10C>T","PASS","stop gained","","1","121068","0","0.000008260","1","10394","0","0","8650","0","0","66596","0","0","6614","0","0","11572","0","0","906","0","0","16336","0"
"21","34915525",".","C","T","c.-42+1G>Aâ€ ","","c.-42+1G>A","PASS","splice donor","","2","120572","0","0.00001659","0","10312","0","0","8440","0","2","66360","0","0","6576","0","0","11518","0","0","902","0","0","16464","0"