"Chrom","Position","RSID","Reference","Alternate","Consequence","Protein Consequence","Transcript Consequence","Filter","Annotation","Flags","Allele Count","Allele Number","Number of Hemizygotes","Allele Frequency","Allele Count African","Allele Number African","Homozygote Count African","Allele Count East Asian","Allele Number East Asian","Homozygote Count East Asian","Allele Count European (Non-Finnish)","Allele Number European (Non-Finnish)","Homozygote Count European (Non-Finnish)","Allele Count Finnish","Allele Number Finnish","Homozygote Count Finnish","Allele Count Latino","Allele Number Latino","Homozygote Count Latino","Allele Count Other","Allele Number Other","Homozygote Count Other","Allele Count South Asian","Allele Number South Asian","Homozygote Count South Asian"
"Y","21868069",".","G","A","p.Arg1478Ter","p.Arg1478Ter","c.4432C>T","PASS","stop gained","LC LoF","1","16886","1","0.00005922","0","962","0","0","915","0","1","8770","0","0","968","0","0","1124","0","0","159","0","0","3988","0"
"Y","21868110",".","G","C","p.Ser1464Ter","p.Ser1464Ter","c.4391C>G","PASS","stop gained","","1","15947","1","0.00006271","0","884","0","0","812","0","1","8291","0","0","862","0","0","1052","0","0","140","0","0","3906","0"
"Y","21868330",".","CA","C","p.Leu1422ArgfsTer73","p.Leu1422ArgfsTer73","c.4265delT","PASS","frameshift","","1","19099","1","0.00005236","0","1071","0","0","1046","0","1","10489","0","0","982","0","0","1142","0","0","160","0","0","4209","0"
"Y","21877314",".","G","A","p.Arg804Ter","p.Arg804Ter","c.2410C>T","PASS","stop gained","","1","32837","1","0.00003045","0","1838","0","0","1981","0","1","18314","0","0","2036","0","0","2203","0","0","270","0","0","6195","0"
"Y","21877323",".","GCTCA","G","p.Glu800CysfsTer5","p.Glu800CysfsTer5","c.2397_2400delTGAG","PASS","frameshift","","1","32970","1","0.00003033","0","1846","0","0","1984","0","1","18379","0","0","2045","0","0","2220","0","0","272","0","0","6224","0"
"Y","21877612",".","A","AG","p.Asp744GlyfsTer2","p.Asp744GlyfsTer2","c.2226dupC","PASS","frameshift","","1","33585","1","0.00002978","0","1885","0","0","2014","0","0","18694","0","0","2082","0","0","2253","0","0","275","0","1","6382","0"
"Y","21878303",".","GA","G","p.Val631AlafsTer22","p.Val631AlafsTer22","c.1892delT","PASS","frameshift","","1","33432","1","0.00002991","0","1878","0","0","1996","0","1","18602","0","0","2076","0","0","2238","0","0","275","0","0","6367","0"
"Y","21878526",".","C","CTTTGCTGTAGCTTCAGCAAAA","p.Gln597_Gly598insPh...","p.Gln597_Gly598insPheCysTerSerTyrSerLys","c.1791_1792insTTTTGCTGAAGCTACAGCAAA","PASS","stop gained","","1","32972","1","0.00003033","0","1858","0","0","1974","0","1","18369","0","0","2068","0","0","2218","0","0","270","0","0","6215","0"
"Y","21894469",".","C","A","c.1092+1G>T","","c.1092+1G>T","PASS","splice donor","","1","24487","1","0.00004084","0","1438","0","0","1628","0","1","14262","0","0","1626","0","0","1721","0","0","195","0","0","3617","0"
"Y","21897632",".","TCTGG","T","p.Pro220SerfsTer13","p.Pro220SerfsTer13","c.658_661delCCAG","PASS","frameshift","","1","33351","1","0.00002998","0","1885","0","0","2004","0","1","18631","0","0","2080","0","0","2222","0","0","274","0","0","6255","0"