"Chrom","Position","RSID","Reference","Alternate","Consequence","Protein Consequence","Transcript Consequence","Filter","Annotation","Flags","Allele Count","Allele Number","Number of Homozygotes","Number of Hemizygotes","Allele Frequency","Allele Count African","Allele Number African","Homozygote Count African","Allele Count East Asian","Allele Number East Asian","Homozygote Count East Asian","Allele Count European (Non-Finnish)","Allele Number European (Non-Finnish)","Homozygote Count European (Non-Finnish)","Allele Count Finnish","Allele Number Finnish","Homozygote Count Finnish","Allele Count Latino","Allele Number Latino","Homozygote Count Latino","Allele Count Other","Allele Number Other","Homozygote Count Other","Allele Count South Asian","Allele Number South Asian","Homozygote Count South Asian"
"X","48047062",".","C","T","c.*4+1G>A","","c.*4+1G>A","PASS","splice donor","","2","86804","0","1","0.00002304","2","8506","0","0","6634","0","0","47823","0","0","4530","0","0","9317","0","0","622","0","0","9372","0"
"X","48049568",".","C","T","c.589+1G>A","","c.589+1G>A","PASS","splice donor","","2","86624","0","0","0.00002309","0","8500","0","0","6619","0","2","47729","0","0","4529","0","0","9309","0","0","623","0","0","9315","0"
"X","48049623","rs149107135","G","A","p.Gln179Ter","p.Gln179Ter","c.535C>T","PASS","stop gained","LoF flag","1","87208","0","1","0.00001147","0","8515","0","0","6637","0","1","47871","0","0","4530","0","0","9318","0","0","626","0","0","9711","0"
"X","48051667",".","C","A","c.453+1G>T","","c.453+1G>T","PASS","splice donor","","1","87757","0","0","0.00001140","0","8516","0","0","6638","0","0","47994","0","0","4530","0","1","9324","0","0","633","0","0","10122","0"
"X","48051685","rs188841948","G","A","p.Gln146Ter","p.Gln146Ter","c.436C>T","PASS","stop gained","LoF flag","1","87756","0","0","0.00001140","0","8514","0","0","6638","0","0","47995","0","0","4530","0","1","9324","0","0","633","0","0","10122","0"
"X","48051722",".","AAG","A","p.Leu32PhefsTer3â€ ","p.Leu32PhefsTer3","c.94_95delCT","PASS","frameshift","","1","87728","0","0","0.00001140","0","8495","0","0","6638","0","0","47987","0","0","4530","0","0","9323","0","0","633","0","1","10122","0"
"X","48053607",".","G","A","p.Gln121Ter","p.Gln121Ter","c.361C>T","PASS","stop gained","","1","87759","0","1","0.00001139","0","8516","0","0","6638","0","0","47996","0","0","4530","0","0","9324","0","0","633","0","1","10122","0"
"X","48054291","rs146343257","C","T","c.193-1G>A","","c.193-1G>A","PASS","splice acceptor","","54","86895","0","13","0.0006214","54","8340","0","0","6619","0","0","47726","0","0","4529","0","0","9318","0","0","625","0","0","9738","0"
"X","48054478",".","TGCTGCTGGCTG","T","p.Pro49HisfsTer2","p.Pro49HisfsTer2","c.146_156delCAGCCAGCAGC","PASS","frameshift","","1","87649","0","1","0.00001141","0","8506","0","0","6632","0","0","47941","0","0","4527","0","0","9312","0","0","630","0","1","10101","0"
"X","48054553",".","G","A","p.Gln28Ter","p.Gln28Ter","c.82C>T","PASS","stop gained","","2","87652","0","1","0.00002282","1","8515","0","0","6638","0","0","47964","0","0","4530","0","1","9323","0","0","630","0","0","10052","0"
"X","48054566",".","C","G","c.70-1G>C","","c.70-1G>C","PASS","splice acceptor","","5","87558","0","4","0.00005711","1","8513","0","0","6637","0","4","47937","0","0","4529","0","0","9322","0","0","629","0","0","9991","0"
"X","48054740","rs4824675","C","A","p.Glu19Ter","p.Glu19Ter","c.55G>T","PASS","stop gained","","1","87720","0","1","0.00001140","0","8514","0","0","6630","0","1","47987","0","0","4530","0","0","9321","0","0","633","0","0","10105","0"
"X","48054815",".","C","T","c.-20-1G>A","","c.-20-1G>A","PASS","splice acceptor","","1","86109","0","1","0.00001161","0","8497","0","0","6628","0","1","47628","0","0","4530","0","0","9310","0","0","615","0","0","8901","0"